{
  "6": {
    "source": "data/trace_cma_6c_cortana/cma_final.json",
    "generation": 2000,
    "avg_sp": 769.779724,
    "perfect_rate": 0.588243,
    "converged": true,
    "weights": [
      1.3742216028005791,
      -5.4518137708645344,
      -0.5475350350018103,
      -0.9108439983337668,
      -2.8880957008386656,
      -0.35452789308516175,
      -0.45275918451749736,
      0.6083949263616191,
      -3.2188248854560007,
      6.714920662207008,
      -0.7685556904317468,
      -4.947106495834626,
      0.8736549294110111,
      3.31831515772154,
      2.342801139469973,
      3.8482291226493257,
      1.0526853128649336,
      -5.727597457061867,
      -4.171584098644616,
      1.462004543691188,
      -2.9163438847849976,
      2.5188897684177367,
      -4.701646743591409,
      -7.229800140798182,
      2.5073614003867783,
      -2.1109503927405453,
      -1.1904958200700824,
      6.238587936135458,
      7.19392086724784,
      2.5857002373821754,
      1.7958587254749963,
      0.6421444860926091,
      5.094309907329051,
      -5.776569459294018,
      8.711956020133965,
      4.640225863069464,
      3.752218498896679,
      -0.5978550434023342,
      -1.45102829974959,
      2.026244022515645,
      -0.39607499773037025,
      -3.3868143633641563,
      5.477011266229899,
      0.9671335886511582,
      2.758990980139776,
      0.13954888724304043,
      -5.420071843467856,
      -1.5262442634199318,
      -3.6600628692756803,
      4.04008177094328,
      3.339884176828476,
      -0.06804955066014706,
      2.7869855806517094,
      -1.0908104851161704,
      -0.7727415022578193,
      1.4094345013011589,
      8.177176196639579,
      4.604856984545558,
      1.984699801188173,
      3.4929976465750596,
      3.148666533790368,
      -1.4814360445266455,
      -1.2971851950639506,
      4.616149682823975,
      0.2733761868688123,
      2.7552716614369666,
      4.309224682640025,
      2.856069062808482,
      0.5618738332563045,
      2.272242694900806,
      5.317955637515496,
      1.5289179852990937,
      -2.373380195863611,
      -2.958773200492766,
      1.2662656741847582,
      4.518127454433779,
      2.4926698344335803,
      5.008771134944598,
      6.441213433420048,
      1.195604229656254,
      2.65765232160677,
      -4.673075125303947,
      5.9374248635634705,
      0.34055405675966055,
      2.35936956737071,
      3.101862155563977,
      1.5597461369714534,
      1.7050918994412183,
      3.649911066838694,
      5.603484130864436,
      1.8892933175072975,
      4.804842658858754,
      4.178898946943919,
      -0.5625743552545056,
      3.026586543570468,
      3.8617417179829974,
      3.989990659884367,
      6.00958372859574,
      4.751717560314711,
      0.1408730979102062,
      0.9327693956874402,
      -2.1302711635915133,
      -0.8621442455505459,
      -3.410707867644157,
      1.7214997032803474,
      9.289537312052273,
      8.243856222848224,
      5.881456160230676,
      5.0525562646939095,
      -7.490911993580685,
      -0.31894551728928894,
      1.580891298208675,
      0.19434269796814665,
      3.9060109600148825,
      2.339599455505608,
      -0.6008926669771791,
      5.159519464567482,
      -4.6127709591827175,
      4.785548579758236,
      1.3437930838087866,
      -5.021677999450116,
      3.91323019496464,
      5.249490859960282,
      3.9713547086242182,
      -3.2015696687523367,
      0.22363152639974127,
      1.9370739569761346,
      -2.67735389852824,
      1.4821306085275971,
      5.564621240461417,
      3.6459290971347977,
      7.374794919166652,
      2.996608501940909,
      11.098116288287141,
      4.8757289991430905,
      6.002266114616412,
      8.180847768044607,
      -2.85220095196594,
      -0.11127685058154839,
      1.6919795415478247
    ]
  },
  "8": {
    "source": "data/trace_cma_8c_cortana/cma_best.json",
    "generation": 160,
    "avg_sp": 1345.236845,
    "perfect_rate": 0.529147,
    "converged": false,
    "weights": [
      0.40512843374477137,
      1.7144706864443338,
      1.1632323102640747,
      3.1470797283006933,
      0.8942524766158344,
      -3.811943927452548,
      5.586422628280528,
      0.9746047742998684,
      0.30592546937343934,
      -2.3261457455087307,
      0.8237402314084519,
      0.3823947902273621,
      -1.6781350946894407,
      6.607056297787382,
      0.8938728374565716,
      -2.7156071024729465,
      5.043298639452896,
      0.4939546589478179,
      2.7093770109740047,
      -1.9311002303951506,
      1.6792818001855911,
      -3.2993690017284583,
      -5.660413831372375,
      -2.182384213663788,
      1.2757803137352046,
      -1.0392258500723137,
      -1.7389015091135225,
      1.298683327297075,
      -3.8484879908215976,
      -5.797834935335026,
      -2.058215449515107,
      2.0595292828465244,
      -1.1058786966921308,
      -2.1569506657471713,
      7.009422562906378,
      1.5827606220117387,
      -0.7826071817131286,
      5.9412756572642484,
      1.6391939817292118,
      -1.9919058049689307,
      1.5496947729754043,
      -1.9564654372696366,
      3.5489351486667475,
      -0.8026809487897189,
      3.446410078676278,
      3.174970864858205,
      3.0055317289135663,
      -2.3257064502764027,
      2.444395464071408,
      5.176235221534118,
      -4.144986357761801,
      2.928587764609633,
      0.07500272152759346,
      6.625023133467897,
      4.4671956054792386,
      0.308992784775302,
      -0.09393497880910229,
      -3.505290093046196,
      2.409202967552851,
      5.276045673689144,
      3.8113523993948166,
      2.22580468987003,
      -2.0027448732844406,
      3.0151331864083706,
      3.1631840568916436,
      0.8220439104681346,
      1.246700206376595,
      3.9229080185409626,
      -2.9860959973093504,
      4.959947157425685,
      4.049495921326711,
      2.150112483451699,
      4.291350068114932,
      2.3409795504427837,
      0.3845456768210591,
      0.48015307097256715,
      4.1309685405201275,
      4.924192951644937,
      -2.170251960194509,
      3.665099343704458,
      -1.829912252574324,
      3.9055120074155374,
      4.067274615922895,
      1.2689923317508818,
      -0.5898022561225668,
      -0.741455438671566,
      4.184503680537344,
      2.2219165198620514,
      3.818311472055972,
      -0.40465224628049684,
      2.126633902993153,
      0.8653214814861541,
      0.4633372737988733,
      2.0631636497877937,
      2.6424974696383465,
      4.010427960572983,
      -1.2984247043479549,
      1.2184598330517593,
      3.014334411991335,
      -0.3306512690698366,
      4.207540018885473,
      1.5536222184663522,
      6.438564120140421,
      0.5061966676300492,
      3.2135830492284083,
      5.347826099266389,
      -1.375187441540009,
      3.8782063637417266,
      0.7873218447219728,
      3.1246279726192645,
      1.370815294455125,
      1.987432499320042,
      -0.849485862402181,
      1.9642551707351583,
      3.578069800753,
      0.6743984362688822,
      2.46704941801738,
      -2.5786732282831863,
      -3.386661382587912,
      0.37657304794574725,
      1.5640931730149463,
      1.8204538172690605,
      6.376574447529886,
      2.490882342612708,
      1.3606867416546276,
      -1.4533033627097034,
      1.212336331142533,
      -2.709187127486339,
      3.882248632864822,
      3.6474400318426405,
      5.190843147522038,
      3.912848784551169,
      0.8421077715129084,
      7.2134725856444195,
      -1.7666967414802182,
      5.144705586397653,
      4.7850914681846985,
      2.4309690986818855,
      0.5979132494791751,
      1.4056100944873673
    ]
  },
  "9": {
    "source": "data/trace_cma_9c_cortana/cma_best.json",
    "generation": 130,
    "avg_sp": 2181.382826,
    "perfect_rate": 0.788329,
    "converged": false,